hoangcongdung,0xaC7D97428AF5b8829c8B7acC8be195f1087Dec97,234,3.5
ndducanh,0x2A7306718F6E763cAF8168a09F08B135d1d67D78,127,3.5
trongnhan,0x7DE55Af44Fa4155Fe4ea73786c5FdEB70f9E5769,17,3.5
hoangtien,0xDFA2F9A83C6Aadaae64ca71953C6989a6164ee1B,132,3.5
hoangquocbao,0x88c3301A32ECA1140F8D0B0D5D91A5Cf1e25E40b,105,3.5
gihuyn,0xa497772a66bCF08F50C5BbAc98123AfAa0220960,233,3.5
nguyentrungcxht,0x91EfCCb3D379b12971595D2d66CF7C768ECA2B69,1,3.5
vantoan,0xAA9ff9E51D6697eb9096868746Ae45Fe09033cbA,68,3.5
minhthanh,0xF6FF1694aDCbA4AA0d8Ae27D2412f46466d25901,173,3.5
accthoangnlx,0x51D40CBd3CBD86E84E945bC927C6F13A019e4933,55,3.5
hieunguyen,0x9501A68a6be892296A6D5eC65120f81dF8Ad685a,191,3.5
lam,0x271EF70408a69c2A3c36215eA6C4CF1FAF3Eb3E0,165,3.5
nvtanh,0x9841E2dd84FA69DBB2e500F03360dA7D409dB667,82,3.5
thuytranit,0x47ADb6B0980D4e178b8B17E9b7E53312d2Ff41Df,89,3.5
damquangkhoa,0xfeDc029e011d38e670c9F6150f7C6C2be989A0Ad,170,3.5
danggianghuong,0x8B29b870Ef960A3d157FF48B6701b32be5240ee7,58,3.5
andyduong,0x7a2312558290802fF31Acf94Dcd1cf2638fADA26,204,3.5
lyxuankhanh,0x6846e85e46a37335CbD64EDf76D62618B1dc0A36,25,3.5
ngohieutin,0x7a221583834846AD4d51F793d966c9c52add5E67,27,3.5
nguyenlenin,0x6aad3717a3e0f5DFFdEa75576deF1dcF748478A0,37,3.5
armes,0x9fe8C451E8Ae58a8486d6172aa0f6Ca2Bdc68266,179,3.5
doanconghau,0xb86012DCaF08c2e49C2807B92385cdDeba42a932,62,3.5
kcang,0x69f2789EcF9927e8505A0bD622c7e49d26BcD9E3,95,3.5
duylee,0xb9E690592DCFd86E9966AF84A6b57c953e0699AD,15,3.5
ksotonguyenvandiep,0xa416920E5d8c1B2251021bc10B7f757B319d8A34,88,3.5
thulam,0xfeDc029e011d38e670c9F6150f7C6C2be989A0Ad,244,3.5
knighttale,0x8717AE146a21EF46E1D69391D46d610D29987A70,168,3.5
manhhung,0x7D62BcB3b9aeb960E4619b9DBFD5FCC21149324B,255,3.5
vuvankhai,0xE75221f3aa14F6e37d3f70368281A04F9e03b76f,97,3.5
quang,0x23514f641aa0b16dc351391fe62cc3e9a63175f1,8,3.5
tranvananh,0xd95caB8914F30961f50bDF3d84d1605287578506,99,3.5
dungdt,0xc978b6C2E7e9CC623cC18AD54751d488C7B6e482,214,3.5
thoa,0x22E965f255A7804C380c75b4Edf5Dc16E4f5C832,239,3.5
tranquangkhai,0x6382b6A073bB4b11838776E26A9a28c7c7B39865,251,3.5
hoangtrongquan,0x8A3124F76516eB0458027656b54cE62A7987aB1a,198,3.5
quangthai,0x506f62Ec3E06dbCf9738CEF1Eb027b536975a3F9,90,3.5
animorphs,0xABa24c518c8d1dCfddfe3ef8fee470AC5f16D17a,166,3.5
hotanphong,0x35D91F39e1477a96B5a0a62905dCAaF921dc22FD,135,3.5
ndl,0x82d00aD57CB0E6Fa166bDe8D42F419fAA2edc706,164,3.5
hieplt,0x565b476F4c8b10CE807F330E86e1cA46A3a1E21c,216,3.5
canphong1245,0x9E99d9D8eC4fd2B163aC50890D1b9B1cB37f2bC7,25,3.5
nguyentieuhacam,0xDdd8b642F4E3eaaCc4E518c2375Df2311a3097D3,23,3.5
vth,0x5D920583A216983eAB741f6Cf76377A524d542F7,42,3.5
hoanghaqltc,0xD72C76a5e12ED2B7cd82AAA719ed27E5c6eBd254,111,3.5
hongquanttbc,0x56d22afb585a4D789d0F3EeF1F1B237B1118971D,161,3.5
nguyenvanlinh,0xA7ab71306d201AaD5eD27f6865Fe06a77f27AC42,77,3.5
bibo15987,0x75e5Cb7721070f28366DaFAbc7846F705a0B8BD5,214,3.5
nhson110,0xDC148BaC2267D9fa92050e586A5eb02A939686a2,247,3.5
dinhducanh,0xC11ec6b6a6338A8e8d2B955402aeCC2d0AE29DBc,165,3.5
tien,0x7D02d27B7fBf35e573Af0997De5921E34E9b97f6,165,3.5
samuel,0xEcF53D44d81325D828E4cd4a5BfB967F4dCeACC4,200,3.5
hungdao,0xB2528b79cd4A915d0A1Ab1d8F32e1A5031785685,98,3.5
hungdao,0x2D6a02DabEE8eb4c5Cf0579B319d0cCD82fFA280,135,3.5
canhnt,0x212c8c988e246018977ea391ab18fb2716810397,31,3.5
lovenanana,0xfeDc029e011d38e670c9F6150f7C6C2be989A0Ad,120,3.5
canhtin,0xb7b35f8059144ad01a08d67227cfd4b292884a10,12,3.5
binhlong,0x7b0F9Afb1fFbdcF0dA6b3FBD5256eA34c03b435E,19,3.5
truongngoctanbn,0x0701D08c65775C1c912931f321cbE98e89Eb5315,85,3.5
thanhbinh14f,0x25829D0F9F8240368b5F2Cd8B7190BB77f1392Ec,196,3.5
stone89son,0xc26ffe7162dd5ab003c1e2dd614650a2df2b32c4,2,3.5
trinm,0x0642357A6d1f54E2bdDf6603FfF702050655c021,13,3.5
tranxuanvy,0x19CBeb95dA6E98bacD3947D6336F018e2818c114,127,3.5
andy94,0x6ecF2a1051B5672595f7C49120e419528F452342,227,3.5
vananh,0xc34a4ef3Af82200D54358b3432ECBfF1eB55ff88,187,3.5
qmonkey,0x2647126807D7C1fFc962c9bF6dE40D39e1ac6bF4,24,3.5
nguyenphuongnam,0x7B53329eeF442BB0b9EDBa2E57eBeA60E3D01B4b,250,3.5
xhung,0x51b8be0149d5Cc948615D561474EA79EA817ca97,93,3.5
huytung,0xe90c1a8C1121Ca67D1d77C548990a00923Eee42D,96,3.5
hoangu,0x2064a142b3bFe8E109A57B400628c7Eb43e56b65,81,3.5
toangiaothuy,0x617499939D9775ABab117b3d57D110AA20bdEfAb,255,3.5
hoangvu,0x18a8cecc2BC5A741Bb1e68ee607f5a453a6DBfd5,68,3.5
dohonghanh,0xb6639B1Dd71448EC76D91A8F938cDAc90365c638,99,3.5